DROP DATABASE IF EXISTS ML_SCHEMA_root;
SET GLOBAL local_infile = 1;
DROP DATABASE IF EXISTS shannon_ml;
CREATE DATABASE shannon_ml;
ALTER DATABASE shannon_ml CHARACTER SET ascii COLLATE ascii_bin;
USE shannon_ml;
CREATE TABLE census_train ( age INT, workclass VARCHAR(255), fnlwgt INT, education VARCHAR(255), `education-num` INT, `marital-status` VARCHAR(255), occupation VARCHAR(255), relationship VARCHAR(255), race VARCHAR(255), sex VARCHAR(255), `capital-gain` INT, `capital-loss` INT, `hours-per-week` INT, `native-country` VARCHAR(255), revenue VARCHAR(255)) secondary_engine=rapid;
CREATE TABLE census_test LIKE census_train;
SET @census_model = 'census_test_score';
ALTER TABLE census_train SECONDARY_LOAD;
CALL sys.ML_TRAIN('shannon_ml.census_train', 'revenue', JSON_OBJECT('task', 'classification'), @census_model);
CALL sys.ML_SCORE('heatwaveml_bench.census_test', 'revenue', @census_model, 'balanced_accuracy', @score_census, null);
ERROR 42S22: Unknown column 'in_table_name' in 'field list'
CALL sys.ML_SCORE('shannon_ml.census_test', 'revenue', @census_model, 'balanced_accuracy', @score_census, null);
ERROR HY000: ML operation failed. shannon_ml.census_test NOT loaded into rapid engine for ML.
CALL sys.ML_MODEL_LOAD(@census_model, NULL);
CALL sys.ML_SCORE('shannon_ml.census_test', 'revenue', @census_model, 'balanced_accuracy', @score_census, null);
ERROR HY000: ML operation failed. shannon_ml.census_test NOT loaded into rapid engine for ML.
ALTER TABLE shannon_ml.census_test SECONDARY_LOAD;
CALL sys.ML_SCORE('shannon_ml.census_test', 'revenue', @census_model, 'balanced_accuracy', @score_census, null);
SELECT @score_census;
@score_census
0.7931527495384216
SELECT MODEL_ID, MODEL_HANDLE, MODEL_OBJECT, MODEL_OWNER, 
JSON_UNQUOTE(MODEL_METADATA->'$.task') AS task, JSON_UNQUOTE(MODEL_METADATA->'$.column_names') as feature_names
FROM ML_SCHEMA_root.MODEL_CATALOG;
MODEL_ID	MODEL_HANDLE	MODEL_OBJECT	MODEL_OWNER	task	feature_names
1	census_test_score	NULL	root	CLASSIFICATION	["age", "workclass", "fnlwgt", "education", "education-num", "marital-status", "occupation", "relationship", "race", "sex", "capital-gain", "capital-loss", "hours-per-week", "native-country"]
SELECT CHUNK_ID, MODEL_HANDLE from ML_SCHEMA_root.MODEL_OBJECT_CATALOG;
CHUNK_ID	MODEL_HANDLE
1	census_test_score
SELECT MODEL_ID, ML_SCHEMA_root.MODEL_CATALOG.MODEL_HANDLE, ML_SCHEMA_root.MODEL_CATALOG.MODEL_OBJECT, MODEL_OWNER, 
JSON_UNQUOTE(MODEL_METADATA->'$.task') AS task, JSON_UNQUOTE(MODEL_METADATA->'$.column_names') as feature_names
FROM  ML_SCHEMA_root.MODEL_CATALOG, ML_SCHEMA_root.MODEL_OBJECT_CATALOG
WHERE ML_SCHEMA_root.MODEL_CATALOG.MODEL_HANDLE = ML_SCHEMA_root.MODEL_OBJECT_CATALOG.MODEL_HANDLE;
MODEL_ID	MODEL_HANDLE	MODEL_OBJECT	MODEL_OWNER	task	feature_names
1	census_test_score	NULL	root	CLASSIFICATION	["age", "workclass", "fnlwgt", "education", "education-num", "marital-status", "occupation", "relationship", "race", "sex", "capital-gain", "capital-loss", "hours-per-week", "native-country"]
DROP DATABASE IF EXISTS ML_SCHEMA_root;
ALTER TABLE census_train SECONDARY_UNLOAD;
ALTER TABLE census_test SECONDARY_UNLOAD;
