create database sh_test2;
use sh_test2;
set use_secondary_engine=forced;
create table tt1 (score int, name char(10), id int, gender char(1), primary key(id, score)) secondary_engine=rapid;
insert into tt1 values(10, 'n1', 1, 'm'), (20, 'n2', 2, 'f'), (30, 'n3', 3, 'm');
insert into tt1 values(1, 'n1', 1, 'm'), (2, 'n2', 2, 'f'), (3, 'n3', 3, 'm'), (4,'n4',4,'f');
alter table tt1 secondary_load;
select * from tt1 where score >=1  and id < 3 order by id;
score	name	id	gender
1	n1	1	m
10	n1	1	m
2	n2	2	f
20	n2	2	f
select * from tt1 where score >=1  and score < 3 order by id;
score	name	id	gender
1	n1	1	m
2	n2	2	f
select * from tt1 where id >=1  and id < 3 order by id;
score	name	id	gender
1	n1	1	m
10	n1	1	m
2	n2	2	f
20	n2	2	f
select score from tt1 where id > 2  and score = 30 order by id;
score
30
select count(1) from tt1;
count(1)
7
select count(*) from tt1;
count(*)
7
select count(score), gender from tt1 group by gender order by gender;
count(score)	gender
3	f
4	m
select sum(score), gender from tt1 group by gender order by gender;
sum(score)	gender
26	f
44	m
select sum(score), gender from tt1 group by gender having sum(score) > 30 order by gender;
sum(score)	gender
44	m
explain select sum(score), gender from tt1 group by gender having sum(score) > 30 order by gender;
id	select_type	table	partitions	type	possible_keys	key	key_len	ref	rows	filtered	Extra
1	SIMPLE	tt1	NULL	ALL	NULL	NULL	NULL	NULL	3	100.00	Using temporary; Using filesort; Using secondary engine Rapid
Warnings:
Note	1003	/* select#1 */ select sum(`sh_test2`.`tt1`.`score`) AS `sum(score)`,`sh_test2`.`tt1`.`gender` AS `gender` from `sh_test2`.`tt1` group by `sh_test2`.`tt1`.`gender` having (sum(`sh_test2`.`tt1`.`score`) > 30) order by `sh_test2`.`tt1`.`gender`
drop database sh_test2;
